tx_price,beds,baths,sqft,year_built
295850,1,1,584,2013
216500,1,1,612,1965
279900,1,1,615,1963
379900,1,1,618,2000
340000,1,1,634,1992
265000,1,1,641,1947
240000,1,1,642,1944
388100,1,1,650,2000
240000,1,1,660,1983
250000,1,1,664,1965
335000,1,1,669,2006
376750,1,1,673,2005
210000,1,1,680,1963
289900,1,1,685,1960
535000,1,1,687,2008
218000,1,1,689,1988
400000,1,1,689,2008
226000,1,1,690,1997
363700,1,1,692,2007
215000,1,1,698,1963
327000,1,1,698,2005
331100,1,1,700,2005
240000,1,1,703,1992
320000,1,1,704,2005
290800,1,1,704,2006
375000,1,1,705,1985
377000,1,1,709,2005
262500,1,1,711,1944
216250,1,1,712,1944
270000,1,1,722,1985
235000,1,1,723,2005
225000,1,1,724,1958
370000,1,1,725,2006
232000,1,1,736,1998
281900,1,1,737,2000
355000,1,1,740,2000
350000,1,1,741,2006
231900,1,1,750,1964
284000,1,1,755,1996
255000,1,1,759,1959
285850,1,1,759,2006
249298,1,1,759,2012
380000,1,1,760,1991
244800,1,1,767,1944
397400,1,1,771,2005
345000,1,1,781,2006
220000,1,1,792,1987
279000,1,1,796,1986
286900,1,1,797,2005
220000,1,1,800,1985
305000,1,1,805,1941
409575,1,1,805,2005
300367,1,1,805,2007
230000,1,1,809,1965
270000,1,1,810,1975
210000,1,1,811,1969
366700,1,1,817,2004
238600,1,1,834,1992
284900,1,1,838,2007
253000,1,1,850,1974
305000,1,1,850,1984
280000,1,1,850,1986
411000,1,1,855,2006
270900,1,1,856,2005
406250,1,1,859,2000
365000,1,1,866,1989
440000,1,1,879,2008
250000,1,1,880,1965
350100,1,1,900,1947
250000,1,1,900,1965
305000,1,1,902,1978
200000,1,1,914,1982
371500,1,1,917,2007
270000,1,1,920,1978
318000,1,1,926,1973
408400,1,1,933,2005
325000,1,1,934,1993
239000,1,1,945,1984
367500,1,1,950,1986
378000,1,1,961,2006
269000,1,1,966,1996
245000,1,1,999,1979
225000,1,1,1005,1982
302000,1,1,1014,1985
387900,1,1,1050,2005
560000,1,1,1092,1984
750000,1,1,1322,2009
299700,1,2,814,2008
779900,1,2,1207,2012
379000,1,2,1489,1940
225000,2,1,768,1950
230000,2,1,793,1950
328000,2,1,800,1950
407800,2,1,803,2000
470630,2,1,814,2005
270000,2,1,816,1949
359500,2,1,835,1954
355000,2,1,836,1994
283000,2,1,845,1942
378000,2,1,864,1942
255000,2,1,870,1984
306000,2,1,875,1950
292999,2,1,875,1950
369900,2,1,891,2004
326000,2,1,893,2003
350000,2,1,900,1941
350000,2,1,900,1941
396875,2,1,912,1960
374900,2,1,912,1983
232150,2,1,920,1941
327000,2,1,924,1961
455900,2,1,928,2013
290000,2,1,930,1983
301000,2,1,930,1986
275000,2,1,930,1988
531000,2,1,931,2006
405000,2,1,945,1955
336000,2,1,950,1941
214000,2,1,952,1964
327500,2,1,958,1941
251489,2,1,959,1930
238900,2,1,960,1963
297000,2,1,960,1964
235000,2,1,960,1985
210000,2,1,960,1989
215000,2,1,966,1958
285000,2,1,966,1994
239900,2,1,976,1971
375500,2,1,983,1984
415000,2,1,993,1984
230581,2,1,996,1987
400000,2,1,1008,1987
420000,2,1,1010,1954
292000,2,1,1011,1958
200000,2,1,1015,1930
226000,2,1,1021,1961
220000,2,1,1024,2010
280000,2,1,1032,1958
299900,2,1,1032,1964
204000,2,1,1044,1961
350000,2,1,1062,1983
228000,2,1,1070,1972
300000,2,1,1073,1972
280000,2,1,1083,1965
305500,2,1,1100,1960
348500,2,1,1103,1944
210000,2,1,1177,1975
250000,2,1,1179,1964
229000,2,1,1185,1953
300000,2,1,1188,1954
220000,2,1,1194,1979
275000,2,1,1197,1972
312000,2,1,1200,1950
265000,2,1,1240,1987
265000,2,1,1240,1987
231525,2,1,1242,1984
239900,2,1,1250,1983
305000,2,1,1288,1980
337600,2,1,1296,1954
248000,2,1,1344,1880
336900,2,1,1346,1986
225000,2,1,1350,1954
585000,2,1,1360,1983
205000,2,1,1526,2004
330000,2,2,832,1943
250000,2,2,864,1942
200000,2,2,877,2000
286499,2,2,886,1981
237500,2,2,886,1982
261000,2,2,896,1951
277000,2,2,899,2000
425000,2,2,910,1950
385000,2,2,915,2005
275000,2,2,930,1983
275000,2,2,933,1990
201953,2,2,940,1986
307500,2,2,940,1988
551400,2,2,949,2007
435000,2,2,950,2005
230000,2,2,951,1988
367000,2,2,951,1994
509500,2,2,954,2000
275000,2,2,959,2002
279537,2,2,969,1988
499900,2,2,970,2000
315000,2,2,980,1990
299900,2,2,980,1991
320000,2,2,984,1947
279000,2,2,986,1971
386500,2,2,992,1944
270000,2,2,998,1989
440000,2,2,1000,1940
475000,2,2,1000,1989
278000,2,2,1002,2006
443000,2,2,1005,1989
290000,2,2,1012,1995
458900,2,2,1025,2005
615000,2,2,1027,2008
225000,2,2,1038,1991
525000,2,2,1040,1920
315000,2,2,1040,1990
490000,2,2,1041,2007
243000,2,2,1044,1964
250000,2,2,1044,1986
289500,2,2,1045,1996
249950,2,2,1048,1992
250000,2,2,1050,1996
345000,2,2,1053,1993
351500,2,2,1056,2003
478089,2,2,1069,1987
349181,2,2,1070,1988
300000,2,2,1074,1987
218000,2,2,1075,1986
416900,2,2,1075,2005
335000,2,2,1077,1980
225000,2,2,1080,1985
316500,2,2,1082,1993
535150,2,2,1084,2007
405000,2,2,1086,2003
620000,2,2,1088,2006
545000,2,2,1095,1986
342500,2,2,1098,1988
209000,2,2,1100,1995
243000,2,2,1100,1997
254000,2,2,1102,1986
240000,2,2,1104,2003
265000,2,2,1107,1990
240000,2,2,1108,1985
250000,2,2,1112,1974
534625,2,2,1112,2006
313500,2,2,1120,1997
469900,2,2,1123,2007
610000,2,2,1128,2006
285000,2,2,1130,1990
296000,2,2,1130,1992
293815,2,2,1130,1993
290000,2,2,1132,1978
278000,2,2,1134,1983
380000,2,2,1135,2006
367500,2,2,1135,2006
325000,2,2,1139,1985
280000,2,2,1141,1975
289900,2,2,1145,2005
290000,2,2,1148,1998
306755,2,2,1149,1997
295000,2,2,1150,1974
338000,2,2,1150,2005
305000,2,2,1152,1995
342900,2,2,1152,2005
410000,2,2,1153,1994
377400,2,2,1155,2012
394000,2,2,1158,2007
370000,2,2,1161,2005
326979,2,2,1163,2005
285000,2,2,1166,1965
245000,2,2,1170,1984
315000,2,2,1170,1997
255000,2,2,1170,1998
221500,2,2,1178,1986
275250,2,2,1181,2003
335000,2,2,1184,1989
535000,2,2,1184,2006
209480,2,2,1188,2001
230000,2,2,1193,2007
245000,2,2,1195,1982
254900,2,2,1195,2001
400000,2,2,1200,1938
550000,2,2,1200,1940
399500,2,2,1200,1954
242000,2,2,1200,1985
236511,2,2,1200,2001
385000,2,2,1201,2008
229500,2,2,1202,1965
387000,2,2,1204,1995
295000,2,2,1205,1987
460000,2,2,1205,2005
450000,2,2,1206,1985
346631,2,2,1215,2003
380000,2,2,1217,2005
279000,2,2,1218,2001
250000,2,2,1220,1994
203255,2,2,1224,1999
295990,2,2,1230,1997
526275,2,2,1242,2006
295000,2,2,1242,2007
230000,2,2,1244,1998
617000,2,2,1248,2008
485000,2,2,1252,2006
295000,2,2,1253,1992
345000,2,2,1254,1998
257000,2,2,1256,1988
299000,2,2,1263,1997
320000,2,2,1270,1996
319990,2,2,1288,1991
278000,2,2,1293,1984
381000,2,2,1294,1995
442000,2,2,1305,1987
653000,2,2,1305,2005
550000,2,2,1309,1980
225000,2,2,1316,1973
525000,2,2,1320,1974
289000,2,2,1343,1982
371000,2,2,1346,2004
250000,2,2,1348,2004
330000,2,2,1350,1993
318500,2,2,1356,1999
267000,2,2,1360,1967
250000,2,2,1360,1983
578324,2,2,1376,2006
385000,2,2,1383,1944
210835,2,2,1388,1994
274500,2,2,1389,1979
254900,2,2,1392,1986
275000,2,2,1400,1944
290000,2,2,1413,1980
505000,2,2,1420,1987
299000,2,2,1439,1982
271000,2,2,1470,1986
490000,2,2,1471,1997
325000,2,2,1474,1987
412000,2,2,1476,2000
329900,2,2,1477,2001
281975,2,2,1480,2007
215000,2,2,1496,1971
589000,2,2,1516,1981
405490,2,2,1522,1998
475000,2,2,1526,1982
375000,2,2,1530,1976
455000,2,2,1530,2000
429900,2,2,1623,1981
465000,2,2,1638,1995
471850,2,2,1640,1998
337980,2,2,1641,2001
625000,2,2,1649,1938
462604,2,2,1684,2005
395000,2,2,1750,1996
575000,2,2,1825,2006
289000,2,2,1870,2002
740000,2,2,2100,1981
540000,2,2,2310,1955
225000,2,2,2512,1995
601987,2,2,2690,2005
250000,2,3,1160,1995
330000,2,3,1200,1986
302000,2,3,1260,1987
557000,2,3,1296,1992
408000,2,3,1314,1987
495000,2,3,1600,1920
416000,2,3,1667,1988
538000,2,3,1820,1986
335000,2,3,1853,1977
395000,2,3,1925,1996
299940,2,3,1942,2008
300000,2,3,2067,1986
399500,2,3,2180,1975
300000,2,4,1377,1987
370000,3,1,874,1921
200000,3,1,876,1950
455000,3,1,884,1952
285000,3,1,943,1950
433150,3,1,948,1951
225000,3,1,1008,1956
297000,3,1,1024,1950
204000,3,1,1102,1984
209400,3,1,1120,1975
306000,3,1,1140,1984
375000,3,1,1204,1956
397555,3,1,1210,1977
325000,3,1,1211,1954
375000,3,1,1220,1981
523000,3,1,1220,1987
274500,3,1,1224,1947
368000,3,1,1260,1951
330000,3,1,1280,1970
300000,3,1,1280,1984
275000,3,1,1280,1984
340000,3,1,1280,1985
497650,3,1,1286,1947
490000,3,1,1301,1950
295000,3,1,1302,1972
650000,3,1,1309,1952
580000,3,1,1323,1920
330000,3,1,1368,1994
299990,3,1,1382,1985
389900,3,1,1404,1956
430000,3,1,1506,1981
482413,3,1,1520,1995
325000,3,1,1568,1954
500000,3,1,1618,1958
656500,3,1,1846,1954
296000,3,1,1860,1995
399000,3,1,1928,1954
200000,3,1,2175,1940
225870,3,1,2622,1995
359000,3,2,816,1948
349900,3,2,816,1949
255000,3,2,879,1950
255000,3,2,884,1964
232500,3,2,890,1954
405000,3,2,922,1944
429900,3,2,966,1980
249600,3,2,969,1988
299000,3,2,972,1964
246700,3,2,997,1984
360000,3,2,1009,1959
349900,3,2,1036,1954
280000,3,2,1040,2013
350000,3,2,1060,1983
339500,3,2,1064,1988
320000,3,2,1084,1967
299000,3,2,1092,1958
305000,3,2,1092,1958
325900,3,2,1100,1984
310000,3,2,1102,1956
358000,3,2,1104,1990
200750,3,2,1131,1977
257600,3,2,1144,1973
280000,3,2,1152,1963
258000,3,2,1178,1979
415000,3,2,1200,1949
339000,3,2,1200,1953
249000,3,2,1200,1953
500000,3,2,1208,1972
345000,3,2,1211,1954
280000,3,2,1214,2001
285000,3,2,1220,1982
439900,3,2,1220,1983
428000,3,2,1220,1984
417000,3,2,1220,1984
410000,3,2,1220,1985
525000,3,2,1224,1942
392000,3,2,1225,1954
252500,3,2,1228,1987
375000,3,2,1232,1973
375000,3,2,1232,1980
378000,3,2,1240,1982
485000,3,2,1254,1951
445900,3,2,1258,2003
335000,3,2,1260,1948
271000,3,2,1260,1962
399900,3,2,1267,1954
275000,3,2,1276,1955
333000,3,2,1280,1979
324000,3,2,1280,1985
440000,3,2,1285,1963
575000,3,2,1287,1945
275000,3,2,1296,1963
425000,3,2,1304,1978
295000,3,2,1304,1980
319900,3,2,1320,1971
340000,3,2,1320,1972
258000,3,2,1320,1983
370000,3,2,1320,1996
700000,3,2,1325,1939
200000,3,2,1330,1972
242990,3,2,1330,2010
320000,3,2,1331,1969
319950,3,2,1332,1995
250000,3,2,1332,2003
235000,3,2,1334,1978
211500,3,2,1338,1967
350000,3,2,1340,1965
209900,3,2,1342,1970
390000,3,2,1342,1985
416000,3,2,1344,1984
245000,3,2,1348,1987
236000,3,2,1348,2006
238500,3,2,1350,1978
440000,3,2,1352,1974
250000,3,2,1360,1983
239900,3,2,1360,1995
325000,3,2,1362,1963
309900,3,2,1368,2003
293000,3,2,1370,1984
459000,3,2,1370,1992
297000,3,2,1374,1994
249000,3,2,1375,1994
455900,3,2,1380,1990
375490,3,2,1380,1997
375000,3,2,1400,1938
271000,3,2,1400,1972
350000,3,2,1400,1972
368253,3,2,1400,2005
399000,3,2,1404,1951
290000,3,2,1404,1959
331000,3,2,1408,1967
300000,3,2,1408,2000
462330,3,2,1418,2013
317500,3,2,1421,1985
209900,3,2,1440,1963
299900,3,2,1440,1988
347644,3,2,1442,1974
279900,3,2,1444,1971
385000,3,2,1446,1965
330000,3,2,1452,1968
360000,3,2,1452,1974
455000,3,2,1452,1981
324000,3,2,1452,1992
350000,3,2,1452,1994
400000,3,2,1456,1984
262000,3,2,1459,1975
475000,3,2,1468,1948
420000,3,2,1475,1954
467000,3,2,1483,2004
440000,3,2,1484,1986
309900,3,2,1496,1979
444000,3,2,1496,1981
345000,3,2,1501,1980
400000,3,2,1503,1951
223500,3,2,1506,1975
341500,3,2,1508,1953
306000,3,2,1510,1975
438950,3,2,1512,1977
340000,3,2,1514,1997
260000,3,2,1518,1991
415000,3,2,1522,1989
345000,3,2,1524,2006
320000,3,2,1532,1980
399900,3,2,1534,1953
228000,3,2,1540,1972
239000,3,2,1540,1973
310000,3,2,1541,1977
415000,3,2,1544,1996
385000,3,2,1546,1993
325000,3,2,1548,1950
245000,3,2,1550,1936
324999,3,2,1554,1954
469335,3,2,1556,1986
607000,3,2,1560,1950
460000,3,2,1564,1977
381000,3,2,1574,1986
305000,3,2,1575,1983
272500,3,2,1582,1958
395000,3,2,1586,1972
450000,3,2,1590,1986
300000,3,2,1593,1991
243000,3,2,1594,1998
449835,3,2,1600,1994
214000,3,2,1600,1996
290889,3,2,1600,2010
212000,3,2,1614,1961
384900,3,2,1614,1992
428002,3,2,1620,2006
540000,3,2,1621,2005
422000,3,2,1624,2004
218000,3,2,1625,1974
289990,3,2,1629,2009
355000,3,2,1632,1988
499900,3,2,1636,2000
265000,3,2,1637,1988
365000,3,2,1638,1984
209900,3,2,1640,1985
347903,3,2,1640,2004
297000,3,2,1650,1955
600000,3,2,1654,1941
450000,3,2,1661,1979
395000,3,2,1661,1988
232600,3,2,1662,1972
550000,3,2,1672,1984
255000,3,2,1672,2004
407200,3,2,1674,1993
485000,3,2,1682,1965
226000,3,2,1682,1991
395000,3,2,1682,2004
389990,3,2,1686,2004
489000,3,2,1691,1986
247640,3,2,1692,1999
525000,3,2,1695,1982
525000,3,2,1696,1941
271900,3,2,1705,1979
679370,3,2,1706,2013
360000,3,2,1708,2004
600000,3,2,1710,1974
215570,3,2,1722,1978
450000,3,2,1725,1996
342500,3,2,1729,1962
566700,3,2,1734,1925
430000,3,2,1750,1981
319500,3,2,1752,1997
335655,3,2,1760,2004
539900,3,2,1768,1999
529600,3,2,1770,1958
446151,3,2,1778,1994
285810,3,2,1784,2010
457091,3,2,1786,1947
429000,3,2,1787,1993
214900,3,2,1793,1984
203000,3,2,1800,1947
346000,3,2,1800,1975
630000,3,2,1806,1959
321610,3,2,1806,2002
399900,3,2,1810,1988
340000,3,2,1814,1999
349900,3,2,1823,1945
262000,3,2,1828,1985
365000,3,2,1833,1978
291000,3,2,1836,2005
300000,3,2,1840,1997
345000,3,2,1842,1975
325000,3,2,1842,1995
290000,3,2,1848,1988
293000,3,2,1854,1953
247000,3,2,1857,2003
382921,3,2,1858,2003
643000,3,2,1862,1940
367139,3,2,1864,2007
309000,3,2,1866,1953
446000,3,2,1875,1979
420000,3,2,1878,1996
370000,3,2,1884,1999
385000,3,2,1885,1997
450000,3,2,1900,1998
279900,3,2,1910,1989
496876,3,2,1912,2005
339900,3,2,1918,1988
675000,3,2,1920,1993
471500,3,2,1934,1989
565000,3,2,1936,1952
400000,3,2,1940,1953
445000,3,2,1950,1951
526000,3,2,1984,2002
350000,3,2,1988,1957
474000,3,2,2008,2002
400000,3,2,2008,2005
667000,3,2,2014,1949
489000,3,2,2016,1975
400000,3,2,2017,1993
753000,3,2,2030,1947
548000,3,2,2036,2000
310000,3,2,2038,1975
303000,3,2,2038,2004
395000,3,2,2051,1983
482500,3,2,2062,1998
260000,3,2,2076,1998
270000,3,2,2079,1979
545000,3,2,2084,1951
312000,3,2,2089,1981
344000,3,2,2097,2003
450000,3,2,2100,1960
320000,3,2,2100,1993
422500,3,2,2102,1952
365000,3,2,2106,1981
352500,3,2,2112,1961
615000,3,2,2112,2000
451675,3,2,2121,2005
485000,3,2,2128,1981
369000,3,2,2130,2004
600000,3,2,2140,1990
599900,3,2,2146,1956
699000,3,2,2155,1995
279000,3,2,2172,1993
590000,3,2,2201,1955
327990,3,2,2204,2004
261885,3,2,2215,2009
705000,3,2,2220,1954
284857,3,2,2236,1999
395000,3,2,2269,1988
304320,3,2,2296,2010
409900,3,2,2313,2005
261250,3,2,2320,1959
385000,3,2,2328,2010
359000,3,2,2328,2011
588000,3,2,2370,2009
340000,3,2,2376,1981
250000,3,2,2384,2009
646319,3,2,2392,2001
772890,3,2,2432,2012
505000,3,2,2437,2005
653931,3,2,2439,2007
305000,3,2,2464,1994
389000,3,2,2490,2004
333500,3,2,2499,2009
297283,3,2,2500,2012
535000,3,2,2526,1999
626934,3,2,2539,2007
311370,3,2,2552,2009
332320,3,2,2552,2012
395841,3,2,2564,2008
378672,3,2,2591,2007
378672,3,2,2591,2007
502000,3,2,2600,1983
452145,3,2,2611,2005
254400,3,2,2662,1973
699900,3,2,2665,1965
325344,3,2,2700,2010
497500,3,2,2729,1991
392235,3,2,2766,2007
280000,3,2,2796,1972
401195,3,2,2821,2007
465000,3,2,2872,1971
387500,3,2,2875,1981
760000,3,2,2900,2004
525000,3,2,2952,1999
462790,3,2,3040,2004
544000,3,2,3050,1957
376968,3,2,3102,2012
370000,3,2,3187,1975
425000,3,2,3194,1900
495900,3,2,3416,1986
519900,3,2,3477,1988
275000,3,3,500,1998
575000,3,3,962,1956
212000,3,3,1080,1988
342000,3,3,1116,2000
619000,3,3,1137,1977
290000,3,3,1163,1943
370000,3,3,1170,1985
451000,3,3,1188,1979
385500,3,3,1220,1983
295000,3,3,1220,1987
235000,3,3,1226,1992
343000,3,3,1240,1998
355000,3,3,1247,1959
425000,3,3,1280,1972
335000,3,3,1280,1975
332271,3,3,1280,1984
332000,3,3,1280,1986
335000,3,3,1290,1980
320000,3,3,1294,1984
435000,3,3,1300,1986
205000,3,3,1300,2005
375000,3,3,1320,1978
236500,3,3,1328,1981
622500,3,3,1360,1969
398000,3,3,1360,1975
530000,3,3,1360,1990
310000,3,3,1366,1998
249000,3,3,1368,1987
295000,3,3,1392,1978
329900,3,3,1406,2001
330000,3,3,1408,1974
300000,3,3,1408,1977
310000,3,3,1408,1980
323000,3,3,1408,1989
253000,3,3,1420,1991
517500,3,3,1428,1990
340000,3,3,1440,1985
313540,3,3,1450,1994
360000,3,3,1451,1992
315500,3,3,1452,1976
290000,3,3,1452,1978
365000,3,3,1452,1978
355000,3,3,1452,1984
311000,3,3,1456,1960
399900,3,3,1456,1989
408000,3,3,1456,1990
475000,3,3,1462,1987
415000,3,3,1474,1970
401000,3,3,1479,1979
275000,3,3,1480,1977
350000,3,3,1492,2003
365000,3,3,1496,1978
720000,3,3,1525,1950
234000,3,3,1532,1997
538430,3,3,1532,2011
649900,3,3,1538,1946
410000,3,3,1540,1977
236000,3,3,1542,1985
445000,3,3,1552,1989
325000,3,3,1556,1992
387000,3,3,1568,1986
334000,3,3,1584,1983
391066,3,3,1584,1984
395000,3,3,1586,1994
273050,3,3,1588,2011
524000,3,3,1600,1989
264900,3,3,1600,2001
719981,3,3,1610,2013
397000,3,3,1618,2004
612000,3,3,1628,1971
486990,3,3,1628,2010
785000,3,3,1640,1951
343000,3,3,1640,1996
420000,3,3,1646,1991
284900,3,3,1649,1989
200000,3,3,1650,1969
450000,3,3,1652,2001
420000,3,3,1656,1973
353140,3,3,1656,1977
223932,3,3,1656,1996
267500,3,3,1658,2001
285000,3,3,1661,1976
459990,3,3,1672,1980
241000,3,3,1674,1988
248500,3,3,1678,1987
427000,3,3,1680,1998
411300,3,3,1680,2005
347000,3,3,1684,1988
350000,3,3,1687,1997
234000,3,3,1692,1999
314900,3,3,1700,2003
379900,3,3,1708,2001
419900,3,3,1716,1992
290000,3,3,1722,1978
602000,3,3,1731,2000
282344,3,3,1731,2008
459900,3,3,1738,1989
200000,3,3,1746,1987
280000,3,3,1747,1995
435000,3,3,1750,1986
420000,3,3,1752,1970
389900,3,3,1756,1996
482413,3,3,1758,1995
305000,3,3,1760,2002
225000,3,3,1760,2006
359000,3,3,1766,1994
392000,3,3,1770,1986
565000,3,3,1774,1993
515000,3,3,1774,2002
478040,3,3,1774,2007
320000,3,3,1780,1968
477000,3,3,1798,1991
415000,3,3,1814,1989
525000,3,3,1815,1993
265000,3,3,1821,1992
680300,3,3,1827,1952
375000,3,3,1834,1986
235000,3,3,1840,1985
650000,3,3,1844,1987
440000,3,3,1860,2004
616700,3,3,1874,1994
299000,3,3,1882,1994
385000,3,3,1885,1990
435000,3,3,1888,1995
510000,3,3,1900,1948
292240,3,3,1900,2000
575000,3,3,1902,1946
647500,3,3,1908,1985
544240,3,3,1912,2005
249900,3,3,1919,1990
560000,3,3,1920,1996
250000,3,3,1923,1994
285000,3,3,1928,1968
225000,3,3,1940,2003
410000,3,3,1960,1991
424700,3,3,1962,1945
655000,3,3,1966,1996
245950,3,3,1971,1990
466000,3,3,1980,1974
320000,3,3,1980,1994
215000,3,3,1985,1989
485602,3,3,1986,2004
390000,3,3,2000,1992
265000,3,3,2004,2007
388000,3,3,2010,1942
422000,3,3,2012,1991
640000,3,3,2032,1994
307080,3,3,2036,2001
589900,3,3,2046,2005
439900,3,3,2052,2003
410000,3,3,2055,1991
605000,3,3,2057,1995
635000,3,3,2064,1992
310000,3,3,2073,1988
800000,3,3,2086,1930
280000,3,3,2100,1986
440000,3,3,2101,1987
321500,3,3,2102,1965
246677,3,3,2109,2007
440000,3,3,2118,2009
339400,3,3,2118,2009
279900,3,3,2148,2009
780000,3,3,2160,1983
300000,3,3,2163,1971
332000,3,3,2169,2013
317990,3,3,2190,2003
535000,3,3,2200,2001
642000,3,3,2200,2004
488000,3,3,2234,1967
297000,3,3,2240,1978
225000,3,3,2288,1971
729000,3,3,2320,1978
375000,3,3,2321,2000
521000,3,3,2329,1986
400000,3,3,2369,1984
340000,3,3,2372,1969
355000,3,3,2376,1983
470000,3,3,2401,1984
440000,3,3,2412,1973
760000,3,3,2426,1957
403000,3,3,2437,2007
308000,3,3,2448,1930
750000,3,3,2452,1981
708500,3,3,2460,1997
660000,3,3,2466,2000
790830,3,3,2466,2000
314100,3,3,2484,1997
734235,3,3,2496,2010
333250,3,3,2508,1976
680000,3,3,2556,1997
329990,3,3,2568,2010
300000,3,3,2618,1991
471000,3,3,2626,1995
400000,3,3,2628,1993
273001,3,3,2630,1985
605000,3,3,2636,2000
487500,3,3,2640,1985
282500,3,3,2689,2012
475000,3,3,2690,1989
325344,3,3,2700,2010
299000,3,3,2701,1986
489000,3,3,2722,1992
397000,3,3,2790,2007
396000,3,3,2800,1991
520000,3,3,2804,1987
468041,3,3,2807,2006
390000,3,3,2846,1984
345000,3,3,2900,1981
475000,3,3,2936,1994
315435,3,3,3027,1995
359900,3,3,3060,1996
665000,3,3,3135,1994
534000,3,3,3155,2003
426000,3,3,3352,2002
509000,3,3,3408,1941
431375,3,3,3855,2002
343000,3,4,1232,1973
251000,3,4,1480,1998
393500,3,4,1492,2004
475000,3,4,1496,1987
225540,3,4,1500,2010
335000,3,4,1556,2004
498000,3,4,1584,1976
485000,3,4,1584,1988
285000,3,4,1628,1968
506900,3,4,1628,2011
200750,3,4,1633,1977
323500,3,4,1661,1989
293000,3,4,1700,1986
314900,3,4,1700,2003
417000,3,4,1712,1994
305109,3,4,1750,1966
275000,3,4,1764,1966
570000,3,4,1774,1993
560000,3,4,1920,1996
285540,3,4,2036,2001
318500,3,4,2052,1989
542450,3,4,2100,2007
345000,3,4,2136,1986
549000,3,4,2160,2001
593046,3,4,2208,2005
228000,3,4,2223,1986
373275,3,4,2236,1999
206500,3,4,2367,1987
525500,3,4,2382,2001
650000,3,4,2400,1987
363000,3,4,2422,2006
427000,3,4,2803,1985
500000,3,4,3019,1988
760000,3,4,3084,2002
755000,3,4,3200,2004
707368,3,4,3261,2003
412939,3,4,3578,2002
763812,3,4,4300,1986
425000,4,1,1142,1977
216500,4,1,1176,1974
328150,4,1,1326,1957
325000,4,1,1365,1950
239900,4,1,1374,1998
355000,4,1,1662,1956
250000,4,1,1764,1950
515000,4,1,2852,1993
345000,4,1,2912,1988
675000,4,1,3616,1983
508053,4,1,4116,2000
687500,4,1,4300,2011
539079,4,1,5327,1994
215000,4,2,800,1970
290000,4,2,876,1940
400000,4,2,954,1959
485000,4,2,988,1955
202000,4,2,1040,1964
281000,4,2,1040,1975
300000,4,2,1046,1959
266000,4,2,1056,1956
412000,4,2,1080,1950
385000,4,2,1092,1964
215000,4,2,1152,1950
585000,4,2,1170,1936
420000,4,2,1170,1953
315000,4,2,1200,1996
645000,4,2,1226,1950
276840,4,2,1269,1956
350000,4,2,1269,1956
500000,4,2,1272,1957
526000,4,2,1276,1959
390000,4,2,1302,1954
343500,4,2,1311,1988
275000,4,2,1314,1957
375000,4,2,1323,1965
625000,4,2,1325,1948
489950,4,2,1350,1948
329000,4,2,1360,1957
335000,4,2,1360,1982
214900,4,2,1364,1963
559900,4,2,1386,1930
200100,4,2,1387,1962
234000,4,2,1396,1918
230000,4,2,1404,1963
617500,4,2,1436,1965
645000,4,2,1449,1963
377750,4,2,1476,1950
390000,4,2,1484,1960
346080,4,2,1492,1952
418000,4,2,1500,1972
422000,4,2,1505,1957
200000,4,2,1512,1971
227000,4,2,1540,1974
475000,4,2,1549,1961
530000,4,2,1577,1968
375000,4,2,1588,1966
439900,4,2,1590,1968
219900,4,2,1590,1973
308000,4,2,1592,1943
242000,4,2,1593,1993
565000,4,2,1596,1969
258400,4,2,1640,1937
410000,4,2,1653,1950
562500,4,2,1653,1962
430000,4,2,1658,1963
395000,4,2,1659,1972
348900,4,2,1662,1966
343000,4,2,1663,1968
377000,4,2,1702,2007
260000,4,2,1719,1955
400000,4,2,1721,1964
575000,4,2,1736,1976
390000,4,2,1744,1978
500000,4,2,1746,1964
304000,4,2,1755,1964
204000,4,2,1760,1973
335000,4,2,1772,1957
210000,4,2,1791,1967
495000,4,2,1795,1956
440000,4,2,1800,1952
225000,4,2,1800,1981
425000,4,2,1810,1983
387700,4,2,1820,1951
625000,4,2,1820,1968
358900,4,2,1824,1979
340000,4,2,1848,1976
540000,4,2,1858,1984
515000,4,2,1868,1973
708121,4,2,1880,1986
502250,4,2,1882,1979
580000,4,2,1888,1969
649000,4,2,1900,1955
202530,4,2,1907,1998
399000,4,2,1915,1985
232200,4,2,1918,1965
350400,4,2,1942,1973
375000,4,2,1950,1974
268000,4,2,1958,1979
274900,4,2,1976,1975
384406,4,2,1979,2008
235000,4,2,1992,1975
485000,4,2,2000,1960
451500,4,2,2022,1955
418000,4,2,2031,1962
555000,4,2,2032,1991
345000,4,2,2040,1974
375000,4,2,2051,1974
550500,4,2,2065,1961
630000,4,2,2067,1948
590000,4,2,2096,1994
306484,4,2,2102,1987
495000,4,2,2104,1963
642000,4,2,2106,1959
414000,4,2,2112,1999
215000,4,2,2125,1966
415000,4,2,2144,1968
673000,4,2,2145,1970
700000,4,2,2146,1974
700000,4,2,2152,1967
253000,4,2,2158,1980
450000,4,2,2196,1966
385000,4,2,2200,1999
464800,4,2,2232,1983
575000,4,2,2246,1979
429800,4,2,2280,2005
281990,4,2,2294,2000
579000,4,2,2295,1965
550000,4,2,2296,1972
307310,4,2,2298,2004
620000,4,2,2299,1949
297500,4,2,2300,1966
560000,4,2,2300,1968
585000,4,2,2300,1970
368765,4,2,2348,2013
540000,4,2,2352,1979
419000,4,2,2382,1976
475000,4,2,2388,1985
370000,4,2,2392,1962
269900,4,2,2394,1988
595000,4,2,2400,1969
420000,4,2,2402,1976
380000,4,2,2404,1985
535000,4,2,2463,1977
375000,4,2,2472,1954
525000,4,2,2496,1970
665000,4,2,2510,1983
650000,4,2,2523,1892
342500,4,2,2541,1979
205000,4,2,2559,1980
369990,4,2,2582,1995
448574,4,2,2588,2013
455000,4,2,2594,1979
260000,4,2,2600,1947
398000,4,2,2603,2004
504000,4,2,2615,1971
384900,4,2,2616,1980
352000,4,2,2632,1969
271500,4,2,2640,1993
640000,4,2,2681,1900
271135,4,2,2688,1993
570000,4,2,2720,2013
242500,4,2,2728,1988
310000,4,2,2768,1937
290000,4,2,2770,2002
745975,4,2,2789,2006
480000,4,2,2887,1996
510000,4,2,2938,1952
800000,4,2,2949,1989
705000,4,2,2966,1994
645000,4,2,3000,1925
342095,4,2,3000,2002
361000,4,2,3008,1998
290000,4,2,3024,1947
406325,4,2,3038,2004
555000,4,2,3054,1970
250000,4,2,3069,1989
325000,4,2,3145,1977
636870,4,2,3162,2006
310000,4,2,3195,1980
418040,4,2,3373,2004
748800,4,2,3423,2005
345000,4,2,3528,1979
661000,4,2,3556,1980
464665,4,2,3608,2009
745000,4,2,3674,1980
294996,4,2,3711,2003
503000,4,2,3780,1978
257840,4,2,3796,1978
523000,4,2,3948,1992
550000,4,2,4260,2000
466222,4,2,4470,2010
502330,4,2,4609,2000
595000,4,2,5050,1999
565200,4,2,5193,2009
500000,4,3,693,1956
335000,4,3,988,1955
380000,4,3,1034,1986
219900,4,3,1140,1985
249950,4,3,1176,1962
240000,4,3,1188,1971
507000,4,3,1206,1979
380100,4,3,1220,1984
205000,4,3,1249,1977
357000,4,3,1274,1978
428000,4,3,1280,1971
320000,4,3,1296,1964
540000,4,3,1314,1978
300000,4,3,1324,1963
368900,4,3,1340,1968
225000,4,3,1350,1960
765000,4,3,1354,1954
384350,4,3,1360,1978
330000,4,3,1360,1987
214900,4,3,1360,1997
560000,4,3,1363,1972
569500,4,3,1364,1958
206000,4,3,1364,1993
329000,4,3,1370,1958
581710,4,3,1374,1959
319900,4,3,1376,2002
276270,4,3,1388,2000
350000,4,3,1388,2002
336873,4,3,1412,2001
495000,4,3,1460,1956
390000,4,3,1464,1967
660000,4,3,1464,1970
610000,4,3,1466,1953
480000,4,3,1485,1969
357000,4,3,1496,1976
392798,4,3,1496,1976
210920,4,3,1496,1990
416000,4,3,1503,1970
330000,4,3,1512,1972
345000,4,3,1534,1975
421900,4,3,1536,1995
349000,4,3,1537,1979
280000,4,3,1538,1991
417000,4,3,1540,1971
500000,4,3,1540,1983
272000,4,3,1546,1984
540000,4,3,1560,1981
259000,4,3,1566,1967
535000,4,3,1584,1995
675000,4,3,1593,1956
405000,4,3,1600,1998
370000,4,3,1604,1958
265000,4,3,1670,1996
212000,4,3,1671,1965
595000,4,3,1672,1971
360000,4,3,1680,1988
300000,4,3,1680,2005
309990,4,3,1680,2007
710165,4,3,1682,2014
391000,4,3,1702,2007
502000,4,3,1707,1975
510000,4,3,1716,1993
454500,4,3,1745,1940
350550,4,3,1750,1950
389900,4,3,1752,1984
226000,4,3,1764,1969
390000,4,3,1768,1961
375000,4,3,1768,1979
775000,4,3,1773,1960
532000,4,3,1786,1982
388000,4,3,1800,1978
429000,4,3,1800,1983
265500,4,3,1821,1971
301500,4,3,1839,1973
375000,4,3,1839,1974
458000,4,3,1860,1994
265000,4,3,1872,1986
515000,4,3,1876,1970
225000,4,3,1894,2002
620000,4,3,1901,1946
285000,4,3,1904,1985
279000,4,3,1905,1955
367000,4,3,1930,1966
420000,4,3,1936,1994
445000,4,3,1976,1994
384650,4,3,1980,1985
402500,4,3,2008,2001
480000,4,3,2020,1925
465000,4,3,2020,1965
499000,4,3,2032,1979
450000,4,3,2033,1966
550000,4,3,2038,1978
310100,4,3,2060,1997
490000,4,3,2072,1999
468000,4,3,2090,1979
315000,4,3,2098,1962
361000,4,3,2100,1957
448000,4,3,2100,1958
378000,4,3,2100,1976
295000,4,3,2108,1969
465000,4,3,2128,2002
558000,4,3,2130,1976
730000,4,3,2134,1977
642000,4,3,2138,1941
364900,4,3,2139,1985
460000,4,3,2177,1966
632500,4,3,2180,1998
507000,4,3,2208,1965
342150,4,3,2224,1999
399900,4,3,2236,2009
637000,4,3,2251,1948
640000,4,3,2272,1985
276325,4,3,2275,2001
520000,4,3,2286,1968
560000,4,3,2298,1994
399000,4,3,2304,1978
579900,4,3,2317,1936
630000,4,3,2321,1965
250000,4,3,2335,1964
415000,4,3,2340,1969
420000,4,3,2347,1958
790000,4,3,2349,1965
500000,4,3,2352,1982
420000,4,3,2362,1977
474000,4,3,2375,1965
275000,4,3,2382,1980
393878,4,3,2400,1969
515000,4,3,2400,1970
730000,4,3,2400,1998
409610,4,3,2400,2002
260000,4,3,2408,1982
250000,4,3,2411,1983
492500,4,3,2413,1968
329000,4,3,2422,1950
450000,4,3,2432,1995
247000,4,3,2438,1978
675000,4,3,2440,1985
785000,4,3,2452,1939
535000,4,3,2455,1983
435000,4,3,2457,1985
300000,4,3,2457,1999
675000,4,3,2464,1983
420000,4,3,2470,1941
790000,4,3,2476,1994
655000,4,3,2480,1964
221940,4,3,2482,1997
368500,4,3,2496,1999
630000,4,3,2500,1962
540000,4,3,2500,1971
610000,4,3,2500,1975
494463,4,3,2501,2010
590116,4,3,2503,2007
566000,4,3,2504,2000
675000,4,3,2510,1999
385000,4,3,2512,1984
400000,4,3,2530,1962
649900,4,3,2535,2005
570910,4,3,2538,2005
470000,4,3,2540,1988
252000,4,3,2550,1986
790000,4,3,2554,1920
670000,4,3,2554,1995
565000,4,3,2560,1960
355000,4,3,2580,1999
480000,4,3,2600,1980
580000,4,3,2602,2002
400000,4,3,2611,1968
610000,4,3,2612,2004
390224,4,3,2622,2012
307601,4,3,2624,2002
225380,4,3,2640,2007
496700,4,3,2642,1961
513293,4,3,2648,1959
469900,4,3,2657,2002
615000,4,3,2659,1986
635000,4,3,2660,1957
675000,4,3,2664,1984
355000,4,3,2688,1976
327570,4,3,2722,1997
440000,4,3,2728,1961
315000,4,3,2740,1967
635000,4,3,2748,1981
574900,4,3,2751,1987
575000,4,3,2754,1971
735000,4,3,2768,1980
370000,4,3,2774,1999
375000,4,3,2786,1998
699000,4,3,2789,1961
398000,4,3,2800,1965
293000,4,3,2801,1981
446815,4,3,2849,1994
665000,4,3,2852,1985
319550,4,3,2899,1996
415000,4,3,2900,1936
337000,4,3,2900,1980
446890,4,3,2902,2012
625000,4,3,2905,1958
780000,4,3,2912,1966
264000,4,3,2922,1986
360000,4,3,2926,1970
269900,4,3,2932,1976
475000,4,3,2938,1939
540000,4,3,2940,1958
374950,4,3,2944,1993
270000,4,3,2950,1970
399000,4,3,2960,1999
381000,4,3,2978,1981
589900,4,3,2995,1984
598000,4,3,3000,1949
722000,4,3,3000,1964
580000,4,3,3005,1989
308515,4,3,3005,1993
700000,4,3,3017,1976
352000,4,3,3020,1972
532000,4,3,3022,1935
525000,4,3,3025,1966
510000,4,3,3030,1973
645000,4,3,3032,1972
365000,4,3,3036,1987
579000,4,3,3052,1968
430000,4,3,3060,1954
300000,4,3,3061,1974
665000,4,3,3068,1993
218250,4,3,3082,1998
650000,4,3,3117,1979
291000,4,3,3137,1974
409900,4,3,3139,1984
472000,4,3,3142,1996
267000,4,3,3146,1988
710000,4,3,3148,2004
675000,4,3,3150,2003
257000,4,3,3181,1987
510000,4,3,3190,1967
585000,4,3,3200,1952
790000,4,3,3208,2002
399600,4,3,3214,2005
495000,4,3,3234,1987
626774,4,3,3237,2005
460000,4,3,3252,1987
340572,4,3,3256,1993
206000,4,3,3268,1987
755005,4,3,3272,1990
289900,4,3,3274,1991
461825,4,3,3280,1974
540000,4,3,3291,1978
765000,4,3,3308,1978
394000,4,3,3318,1995
326500,4,3,3340,1996
280000,4,3,3346,1994
725000,4,3,3379,1988
760000,4,3,3421,2000
699000,4,3,3433,1992
570000,4,3,3435,1992
370000,4,3,3437,2003
785000,4,3,3440,1941
382000,4,3,3440,1976
485000,4,3,3453,1986
430000,4,3,3456,2004
574000,4,3,3465,1983
317340,4,3,3466,2000
386000,4,3,3478,1988
300000,4,3,3480,1940
215000,4,3,3500,1981
576145,4,3,3504,2004
483820,4,3,3513,1997
619000,4,3,3518,1999
288000,4,3,3520,1993
582499,4,3,3528,1996
490000,4,3,3547,1941
589000,4,3,3555,2001
729900,4,3,3558,2001
367925,4,3,3575,2009
540000,4,3,3600,1975
679000,4,3,3631,1990
339900,4,3,3647,2001
247437,4,3,3664,2000
364510,4,3,3667,2009
560000,4,3,3676,1984
389990,4,3,3692,2009
340000,4,3,3698,2006
525000,4,3,3700,2001
434990,4,3,3700,2007
428000,4,3,3757,1994
270585,4,3,3798,1999
650000,4,3,3799,1998
210000,4,3,3813,1977
382000,4,3,3855,2003
800000,4,3,3857,1955
427747,4,3,3862,1998
400000,4,3,3867,1964
615000,4,3,3905,1978
550000,4,3,3914,1958
640000,4,3,3939,1981
615000,4,3,3961,2003
549500,4,3,4000,1976
587859,4,3,4000,2000
560000,4,3,4033,1998
432000,4,3,4050,1995
799223,4,3,4114,2001
289000,4,3,4128,1996
421965,4,3,4128,2002
416200,4,3,4140,1972
611400,4,3,4141,1995
704165,4,3,4173,2005
336500,4,3,4181,1989
649069,4,3,4186,2005
488512,4,3,4245,1993
296790,4,3,4287,1996
362500,4,3,4293,1987
292605,4,3,4300,2000
461000,4,3,4301,2004
412250,4,3,4304,2002
800000,4,3,4310,1967
560000,4,3,4341,1984
390000,4,3,4355,1987
558000,4,3,4376,1932
719740,4,3,4377,1988
411430,4,3,4412,2000
330000,4,3,4420,2001
439000,4,3,4501,2006
303000,4,3,4544,1998
310000,4,3,4544,1999
390000,4,3,4600,1962
375050,4,3,4662,1987
569990,4,3,4679,2011
480729,4,3,4774,2004
305000,4,3,4839,1990
450845,4,3,4924,2003
719000,4,3,4993,2006
635000,4,3,5032,2007
372500,4,3,5070,1973
425000,4,3,5122,2002
701101,4,3,5535,2003
488230,4,3,6346,1997
435000,4,4,1428,1971
230000,4,4,1582,1991
420000,4,4,1838,1983
620000,4,4,1968,1979
220000,4,4,2040,1983
724000,4,4,2072,1900
379000,4,4,2105,1985
746559,4,4,2126,2009
570000,4,4,2148,1978
409000,4,4,2157,1992
575000,4,4,2300,1980
585000,4,4,2321,1986
530000,4,4,2408,1965
495000,4,4,2448,2002
560000,4,4,2548,2004
415000,4,4,2649,2007
594000,4,4,2861,1960
404755,4,4,2900,2001
365000,4,4,3155,1966
438111,4,4,3188,2003
334000,4,4,3272,1988
761500,4,4,3280,1938
394000,4,4,3298,2005
675000,4,4,3315,2004
240800,4,4,3329,1994
307000,4,4,3390,2001
522802,4,4,3535,2004
545500,4,4,3605,1950
465000,4,4,3691,2010
385000,4,4,3737,2006
442930,4,4,3742,1997
550000,4,4,3750,1962
407000,4,4,3810,1954
372400,4,4,3835,1980
678000,4,4,3868,1978
404816,4,4,3902,2010
255000,4,4,4001,1994
795000,4,4,4016,2006
585000,4,4,4017,2007
450000,4,4,4048,2002
740000,4,4,4050,2010
705000,4,4,4072,2000
299900,4,4,4077,1998
356400,4,4,4165,2002
499977,4,4,4216,2009
650000,4,4,4273,1990
636005,4,4,4305,2002
417925,4,4,4398,1999
310000,4,4,4414,1988
343912,4,4,4418,1999
689900,4,4,4454,1988
540000,4,4,4472,1962
579480,4,4,4484,2005
690000,4,4,4512,1994
507500,4,4,4515,1995
397995,4,4,4613,2002
575000,4,4,4630,1981
395000,4,4,4674,2015
443105,4,4,4722,2001
600000,4,4,4729,2004
420000,4,4,4729,2005
461155,4,4,4781,2009
690000,4,4,4815,2010
525000,4,4,4868,1989
713250,4,4,4910,2005
470000,4,4,4975,2003
710000,4,4,5117,1999
757000,4,4,5141,2004
540000,4,4,5172,2000
479220,4,4,5241,1996
702325,4,4,5243,2005
570000,4,4,5471,2010
290000,4,4,5740,1990
300000,4,4,5800,2002
575000,4,4,5920,1998
561875,4,4,5924,2002
555000,4,4,5941,2004
730000,4,4,6022,2003
728585,4,4,6050,2004
640000,4,4,6078,2013
750000,4,4,7677,2004
630000,4,5,2720,1980
423000,4,5,2875,2002
511275,4,5,3325,2007
680000,4,5,3814,2005
320890,4,5,4199,2001
740000,4,5,4687,1964
775000,4,5,6220,2006
256500,4,6,2696,1988
540000,4,6,4418,2007
674691,4,6,7000,2002
200000,5,1,1008,1950
535000,5,1,1256,1960
570000,5,1,2600,1953
385545,5,1,2800,1970
750000,5,1,3084,1974
525000,5,1,6088,1929
309000,5,2,1008,1959
400250,5,2,1244,1963
207000,5,2,1850,1968
239000,5,2,1965,1939
245000,5,2,1976,1955
280000,5,2,2000,1961
261105,5,2,2082,1964
395000,5,2,2120,1960
467500,5,2,2240,1970
309000,5,2,2264,1940
370000,5,2,2326,1956
230000,5,2,2400,1962
223000,5,2,2644,1966
792000,5,2,2854,1959
269900,5,2,2868,1988
529000,5,2,3134,1979
490000,5,2,3312,1983
258790,5,2,3821,1993
430000,5,3,1209,1969
469500,5,3,1242,1983
477500,5,3,1365,1950
509000,5,3,1388,1967
410000,5,3,1506,1950
500000,5,3,1506,1963
300000,5,3,1512,1971
515000,5,3,1568,1954
295000,5,3,1601,1965
305000,5,3,1718,1973
450000,5,3,1764,1977
200000,5,3,1792,1978
450000,5,3,1798,1970
272000,5,3,1800,2001
231840,5,3,1877,1955
235000,5,3,1908,1966
450000,5,3,1948,1971
482000,5,3,1966,1963
494000,5,3,2048,1975
445000,5,3,2089,1964
440000,5,3,2134,1992
257000,5,3,2144,1944
279000,5,3,2249,1979
558500,5,3,2268,1972
265000,5,3,2275,1968
543000,5,3,2282,1976
799000,5,3,2282,1978
717900,5,3,2334,1988
368095,5,3,2346,2000
332815,5,3,2347,2004
388000,5,3,2464,1957
778500,5,3,2530,1986
275000,5,3,2637,1968
450000,5,3,2640,2006
336500,5,3,2700,1980
665000,5,3,2704,1980
300000,5,3,2792,2000
578000,5,3,2810,1967
430965,5,3,2835,2001
349900,5,3,2868,1988
279000,5,3,2876,1974
701900,5,3,2913,1966
628000,5,3,2920,1978
440000,5,3,2944,1986
410000,5,3,2961,1962
224950,5,3,2990,1997
524900,5,3,3022,1973
486460,5,3,3060,1962
315000,5,3,3064,1996
257000,5,3,3100,1970
225000,5,3,3110,1999
275000,5,3,3120,1975
387000,5,3,3132,2001
724900,5,3,3136,1963
349000,5,3,3158,2001
520510,5,3,3247,2003
525000,5,3,3300,1998
793260,5,3,3314,1962
465000,5,3,3337,1997
591000,5,3,3348,1987
265000,5,3,3351,1993
517000,5,3,3379,1975
345000,5,3,3384,2005
418000,5,3,3400,1948
238000,5,3,3400,1970
614000,5,3,3400,1991
750000,5,3,3417,1957
710000,5,3,3421,1969
480000,5,3,3434,2005
410000,5,3,3456,1999
335000,5,3,3544,2002
350165,5,3,3595,1999
412500,5,3,3600,2009
600000,5,3,3602,1996
626000,5,3,3602,1997
568000,5,3,3645,1978
575000,5,3,3668,1976
485000,5,3,3699,2001
331605,5,3,3726,2002
575000,5,3,3738,2000
215351,5,3,3774,1994
542199,5,3,3778,2004
267579,5,3,3790,2000
290000,5,3,3792,1996
379862,5,3,3796,2003
620000,5,3,3810,1954
408900,5,3,3838,2006
293159,5,3,3882,1996
225000,5,3,3890,1983
700000,5,3,3898,1987
302839,5,3,3902,1996
265000,5,3,3939,1997
640000,5,3,3944,1999
395000,5,3,4000,1984
291754,5,3,4000,2000
585000,5,3,4005,1982
790000,5,3,4047,1986
392500,5,3,4081,1960
642500,5,3,4082,1996
670000,5,3,4092,1989
650000,5,3,4100,1995
326795,5,3,4167,1994
427585,5,3,4223,2009
543657,5,3,4293,2010
612080,5,3,4300,1987
588703,5,3,4301,2004
373500,5,3,4350,1993
571600,5,3,4368,1998
590000,5,3,4399,1998
714000,5,3,4461,1969
524048,5,3,4466,2006
560000,5,3,4485,1989
242940,5,3,4489,1994
443000,5,3,4490,2008
500000,5,3,4516,2002
800000,5,3,4518,1979
730000,5,3,4581,1988
280000,5,3,4602,1997
715000,5,3,4603,2001
715000,5,3,4630,1970
550000,5,3,4681,2006
650000,5,3,4684,1994
290875,5,3,4686,1999
549000,5,3,4739,1997
780000,5,3,4771,1987
480496,5,3,4873,2011
429625,5,3,4884,2003
460000,5,3,4900,1989
378500,5,3,4900,1996
399126,5,3,4908,2000
565962,5,3,4910,2013
370000,5,3,4954,1998
615000,5,3,5018,1991
484395,5,3,5050,2005
700000,5,3,5300,1997
786175,5,3,5493,2004
550000,5,3,7216,1994
355000,5,4,1544,1951
700000,5,4,1847,1905
630000,5,4,1915,1961
405600,5,4,1916,2000
720000,5,4,2114,1954
597100,5,4,2162,1979
367000,5,4,2302,2002
480000,5,4,2379,1981
635000,5,4,2700,1942
590000,5,4,2743,1948
385000,5,4,2821,2006
499000,5,4,3000,1924
660000,5,4,3044,1984
703000,5,4,3046,1964
265000,5,4,3060,1981
465000,5,4,3060,2000
782000,5,4,3144,1997
630765,5,4,3172,2005
620375,5,4,3185,2005
292000,5,4,3244,1959
550000,5,4,3250,2006
550000,5,4,3256,2009
700000,5,4,3320,1954
498900,5,4,3366,1936
502000,5,4,3380,1979
653888,5,4,3500,1958
680000,5,4,3525,1976
525000,5,4,3560,2009
655000,5,4,3587,1938
715000,5,4,3705,1999
335450,5,4,3732,1998
639900,5,4,3766,1989
789000,5,4,3809,1995
300000,5,4,3959,1974
602504,5,4,3965,2014
401403,5,4,3967,2002
770000,5,4,3984,2004
360000,5,4,3992,2005
468309,5,4,4026,2011
483140,5,4,4057,2004
495000,5,4,4129,1979
615000,5,4,4153,2001
350300,5,4,4194,2000
497415,5,4,4211,2002
475000,5,4,4214,1970
433000,5,4,4235,2000
399000,5,4,4240,1992
350000,5,4,4252,2010
404000,5,4,4254,1994
400000,5,4,4351,1997
681000,5,4,4362,2000
433680,5,4,4389,2012
270774,5,4,4394,2000
280000,5,4,4400,1977
680000,5,4,4424,1968
550000,5,4,4440,1963
528000,5,4,4444,2011
492200,5,4,4448,2005
421770,5,4,4520,1999
749990,5,4,4563,2011
670000,5,4,4607,1998
463003,5,4,4659,2000
617000,5,4,4672,1988
550000,5,4,4693,2006
352790,5,4,4700,1995
329000,5,4,4720,1988
689900,5,4,4729,2004
471200,5,4,4786,2004
675000,5,4,4792,1927
714000,5,4,4792,1999
692914,5,4,4872,2002
575000,5,4,4902,2006
490746,5,4,4944,2002
690550,5,4,5000,1987
400000,5,4,5003,2013
639283,5,4,5018,2006
500369,5,4,5024,1995
708000,5,4,5035,1951
526104,5,4,5061,2002
508000,5,4,5077,2011
644900,5,4,5107,2000
735000,5,4,5142,1997
745000,5,4,5149,2001
670542,5,4,5244,2013
575000,5,4,5249,1999
751677,5,4,5260,1999
640000,5,4,5300,1953
427950,5,4,5354,1996
692353,5,4,5365,2002
655600,5,4,5370,1988
750000,5,4,5480,1998
570000,5,4,5480,2012
444788,5,4,5600,1994
365000,5,4,5654,2015
649415,5,4,5708,2011
438000,5,4,5742,1998
650000,5,4,5809,2002
575000,5,4,5933,2003
709233,5,4,5950,2007
760825,5,4,5956,2004
507175,5,4,6000,2000
751000,5,4,6025,1951
690000,5,4,6096,1995
649900,5,4,6127,1995
750000,5,4,6243,2006
785000,5,4,6464,2014
279875,5,4,6468,1952
698733,5,4,6518,1994
629513,5,4,6584,2002
660743,5,4,6662,1999
700000,5,4,6946,2006
765000,5,4,7001,2004
535000,5,5,1365,1951
439000,5,5,3320,1947
488085,5,5,3696,2009
706095,5,5,3720,2004
215000,5,5,4053,1961
700000,5,5,4189,2006
460000,5,5,4313,1964
800000,5,5,4600,1964
798000,5,5,4632,2003
755000,5,5,4658,1968
350000,5,5,5000,1952
535000,5,5,5262,2002
771760,5,5,5270,2006
720000,5,5,5368,1993
600000,5,5,5410,1951
590000,5,5,5621,1962
576475,5,5,5810,2002
320000,5,5,5984,2015
665500,5,5,6133,1950
231000,5,5,6346,2011
743500,5,5,6357,1989
535000,5,5,6438,1949
765000,5,5,6508,2007
280000,5,5,6542,2011
691331,5,5,6966,1999
649000,5,5,7034,2006
569000,5,5,7165,1991
370000,5,5,7578,2008
235000,5,5,7594,2006
760000,5,5,7842,2003
555000,5,5,8450,2004
385000,5,6,6381,2004
690000,5,6,6501,1956
600000,5,6,7064,1995
759900,5,6,7500,2006
735000,5,6,7515,1958
